insert into sample_person (id, first_name, last_name, email, phone, date_of_birth, occupation, role, important) values (1, 'Eula', 'Lane', 'eula.lane@jigrormo.ye', '(762) 526-5961', '1954-11-08', 'Insurance Clerk', 'Worker', false);
insert into sample_person (id, first_name, last_name, email, phone, date_of_birth, occupation, role, important) values (2, 'Barry', 'Rodriquez', 'barry.rodriquez@zun.mm', '(267) 955-5124', '2013-11-08', 'Mortarman', 'Manager', false);
insert into sample_person (id, first_name, last_name, email, phone, date_of_birth, occupation, role, important) values (3, 'Eugenia', 'Selvi', 'eugenia.selvi@capfad.vn', '(680) 368-2192', '1973-10-24', 'Beer Coil Cleaner', 'External', false);
insert into sample_person (id, first_name, last_name, email, phone, date_of_birth, occupation, role, important) values (4, 'Alejandro', 'Miles', 'alejandro.miles@dec.bn', '(281) 301-2039', '2013-12-11', 'Scale Attendant', 'Worker', false);
insert into sample_person (id, first_name, last_name, email, phone, date_of_birth, occupation, role, important) values (5, 'Cora', 'Tesi', 'cora.tesi@bivo.yt', '(600) 616-7955', '1972-02-08', 'Clinical Audiologist', 'Supervisor', false);
insert into sample_person (id, first_name, last_name, email, phone, date_of_birth, occupation, role, important) values (6, 'Marguerite', 'Ishii', 'marguerite.ishii@judbilo.gn', '(882) 813-1374', '1937-11-05', 'Parking Meter Collector', 'Supervisor', false);
insert into sample_person (id, first_name, last_name, email, phone, date_of_birth, occupation, role, important) values (7, 'Mildred', 'Jacobs', 'mildred.jacobs@joraf.wf', '(642) 665-1763', '1967-06-10', 'Business Unit Manager', 'Manager', false);
insert into sample_person (id, first_name, last_name, email, phone, date_of_birth, occupation, role, important) values (8, 'Gene', 'Goodman', 'gene.goodman@kem.tl', '(383) 458-2132', '2010-04-20', 'Technical Communicator', 'External', false);
insert into sample_person (id, first_name, last_name, email, phone, date_of_birth, occupation, role, important) values (9, 'Lettie', 'Bennett', 'lettie.bennett@odeter.bb', '(769) 335-6771', '1959-06-25', 'Correctional Officer Sergeant', 'Worker', false);
insert into sample_person (id, first_name, last_name, email, phone, date_of_birth, occupation, role, important) values (10, 'Mabel', 'Leach', 'mabel.leach@lisohuje.vi', '(803) 586-8035', '1946-06-01', 'Food Chemist', 'Supervisor', false);
insert into sample_person (id, first_name, last_name, email, phone, date_of_birth, occupation, role, important) values (11, 'Jordan', 'Miccinesi', 'jordan.miccinesi@duod.gy', '(531) 919-2280', '1982-07-13', 'Signals Intelligence/Electronic Warfare Chief', 'Manager', false);
insert into sample_person (id, first_name, last_name, email, phone, date_of_birth, occupation, role, important) values (12, 'Marie', 'Parkes', 'marie.parkes@nowufpus.ph', '(814) 667-8937', '1943-05-14', 'Language Pathologist', 'External', false);
insert into sample_person (id, first_name, last_name, email, phone, date_of_birth, occupation, role, important) values (13, 'Rose', 'Gray', 'rose.gray@kagu.hr', '(713) 311-8766', '1958-05-13', 'Wildlife Officer', 'Worker', false);
insert into sample_person (id, first_name, last_name, email, phone, date_of_birth, occupation, role, important) values (14, 'Garrett', 'Stokes', 'garrett.stokes@fef.bg', '(381) 421-2371', '2009-02-21', 'Bindery Machine Operator', 'Manager', false);
insert into sample_person (id, first_name, last_name, email, phone, date_of_birth, occupation, role, important) values (15, 'Barbara', 'Matthieu', 'barbara.matthieu@derwogi.jm', '(940) 463-7299', '1930-02-17', 'Instructional Aide', 'External', false);
insert into sample_person (id, first_name, last_name, email, phone, date_of_birth, occupation, role, important) values (16, 'Jean', 'Rhodes', 'jean.rhodes@wehovuce.gu', '(777) 435-9570', '1949-07-27', 'Clinical Psychiatrist', 'Worker', false);
insert into sample_person (id, first_name, last_name, email, phone, date_of_birth, occupation, role, important) values (17, 'Jack', 'Romoli', 'jack.romoli@zamum.bw', '(517) 393-9630', '1975-05-23', 'Mortician Investigator', 'Supervisor', false);
insert into sample_person (id, first_name, last_name, email, phone, date_of_birth, occupation, role, important) values (18, 'Pearl', 'Holden', 'pearl.holden@dunebuh.cr', '(711) 904-3669', '1949-09-17', 'Rod Buster Helper', 'Manager', false);
insert into sample_person (id, first_name, last_name, email, phone, date_of_birth, occupation, role, important) values (19, 'Belle', 'Montero', 'belle.montero@repiwid.si', '(935) 404-4792', '1932-10-10', 'Classroom Aide', 'External', false);
insert into sample_person (id, first_name, last_name, email, phone, date_of_birth, occupation, role, important) values (20, 'Olive', 'Molina', 'olive.molina@razuppa.ga', '(935) 267-8492', '1934-04-22', 'Traditional Chinese Herbalist', 'Worker', false);
insert into sample_person (id, first_name, last_name, email, phone, date_of_birth, occupation, role, important) values (21, 'Minerva', 'Todd', 'minerva.todd@kulmenim.ad', '(763) 948-4815', '1950-09-23', 'Electronic Drafter', 'Supervisor', false);
insert into sample_person (id, first_name, last_name, email, phone, date_of_birth, occupation, role, important) values (22, 'Bobby', 'Pearson', 'bobby.pearson@ib.kg', '(238) 240-2561', '2015-02-15', 'Vault Teller', 'Worker', true);
insert into sample_person (id, first_name, last_name, email, phone, date_of_birth, occupation, role, important) values (23, 'Larry', 'Ciappi', 'larry.ciappi@ba.lk', '(410) 257-1723', '1996-03-02', 'Fire Sprinkler Installer', 'Supervisor', false);
insert into sample_person (id, first_name, last_name, email, phone, date_of_birth, occupation, role, important) values (24, 'Ronnie', 'Salucci', 'ronnie.salucci@tohhij.lv', '(566) 726-3346', '1974-09-04', 'Brewery Pumper', 'Manager', false);
insert into sample_person (id, first_name, last_name, email, phone, date_of_birth, occupation, role, important) values (25, 'Walter', 'Grossi', 'walter.grossi@tuvo.sa', '(416) 906-7221', '1987-10-23', 'Kitchen Chef', 'External', false);
insert into sample_person (id, first_name, last_name, email, phone, date_of_birth, occupation, role, important) values (26, 'Frances', 'Koopmans', 'frances.koopmans@foga.tw', '(611) 712-1562', '1966-12-14', 'Medical Esthetician', 'Worker', false);
insert into sample_person (id, first_name, last_name, email, phone, date_of_birth, occupation, role, important) values (27, 'Frances', 'Fujimoto', 'frances.fujimoto@uswuzzub.jp', '(919) 887-8542', '1936-05-19', 'Auto Tire Worker', 'Supervisor', false);
insert into sample_person (id, first_name, last_name, email, phone, date_of_birth, occupation, role, important) values (28, 'Olivia', 'Vidal', 'olivia.vidal@hivwerip.vc', '(982) 684-7650', '1933-08-27', 'Semi-Truck Driver', 'Manager', false);
insert into sample_person (id, first_name, last_name, email, phone, date_of_birth, occupation, role, important) values (29, 'Edna', 'Henry', 'edna.henry@gugusu.rw', '(811) 931-8202', '1947-07-11', 'Command And Control', 'External', false);
insert into sample_person (id, first_name, last_name, email, phone, date_of_birth, occupation, role, important) values (30, 'Lydia', 'Brun', 'lydia.brun@zedekak.md', '(927) 400-3928', '1929-08-23', 'Drywall Hanger', 'Worker', false);
insert into sample_person (id, first_name, last_name, email, phone, date_of_birth, occupation, role, important) values (31, 'Jay', 'Blake', 'jay.blake@ral.mk', '(365) 345-1498', '2009-09-10', 'Real Property Evaluator', 'Manager', false);
insert into sample_person (id, first_name, last_name, email, phone, date_of_birth, occupation, role, important) values (32, 'Isabel', 'Serafini', 'isabel.serafini@turuhu.bh', '(656) 968-9869', '1973-09-18', 'Human Performance Professor', 'Manager', false);
insert into sample_person (id, first_name, last_name, email, phone, date_of_birth, occupation, role, important) values (33, 'Rebecca', 'Carter', 'rebecca.carter@omjo.et', '(739) 612-6585', '1959-04-07', 'V/Stol Landing Signal Officer', 'External', false);
insert into sample_person (id, first_name, last_name, email, phone, date_of_birth, occupation, role, important) values (34, 'Maurice', 'Fabbrini', 'maurice.fabbrini@rig.bh', '(485) 521-2687', '1993-02-10', 'Air Control/Anti-Air Warfare Officer', 'Supervisor', false);
insert into sample_person (id, first_name, last_name, email, phone, date_of_birth, occupation, role, important) values (35, 'Ollie', 'Turnbull', 'ollie.turnbull@sicewap.org', '(835) 620-3330', '1944-10-07', 'General Superintendent', 'Manager', false);
insert into sample_person (id, first_name, last_name, email, phone, date_of_birth, occupation, role, important) values (36, 'Jerry', 'Hopkins', 'jerry.hopkins@fo.mh', '(211) 851-5960', '2014-11-01', 'Child Protective Services Social Worker', 'External', true);
insert into sample_person (id, first_name, last_name, email, phone, date_of_birth, occupation, role, important) values (37, 'Nora', 'Lyons', 'nora.lyons@gegijap.na', '(811) 311-5257', '1945-08-15', 'Lens Grinder and Polisher', 'Worker', false);
insert into sample_person (id, first_name, last_name, email, phone, date_of_birth, occupation, role, important) values (38, 'Anne', 'Weiß', 'anne.weiß@kuvesa.pe', '(843) 836-3759', '1941-03-03', 'Civil Engineering Professor', 'Worker', false);
insert into sample_person (id, first_name, last_name, email, phone, date_of_birth, occupation, role, important) values (39, 'Louise', 'Gauthier', 'louise.gauthier@lapahu.mt', '(913) 235-1856', '1930-06-13', 'Mobile Home Servicer', 'Supervisor', false);
insert into sample_person (id, first_name, last_name, email, phone, date_of_birth, occupation, role, important) values (40, 'Lloyd', 'Fani', 'lloyd.fani@zev.ru', '(467) 487-7239', '1992-05-17', 'Floor Refinisher', 'Supervisor', false);
insert into sample_person (id, first_name, last_name, email, phone, date_of_birth, occupation, role, important) values (41, 'Maud', 'Dunn', 'maud.dunn@nabeaga.ni', '(724) 340-3634', '1955-08-09', 'Senior Sales Associate', 'Manager', false);
insert into sample_person (id, first_name, last_name, email, phone, date_of_birth, occupation, role, important) values (42, 'Henry', 'Gigli', 'henry.gigli@kaot.ps', '(413) 229-8428', '1988-10-11', 'Tile Designer', 'Worker', false);
insert into sample_person (id, first_name, last_name, email, phone, date_of_birth, occupation, role, important) values (43, 'Virgie', 'Werner', 'virgie.werner@tawuctuj.cf', '(886) 292-9749', '1941-11-20', 'Econometrics Professor', 'Supervisor', false);
insert into sample_person (id, first_name, last_name, email, phone, date_of_birth, occupation, role, important) values (44, 'Gregory', 'Cozzi', 'gregory.cozzi@eh.ru', '(418) 472-1239', '1994-09-13', 'Basketball Player', 'Manager', false);
insert into sample_person (id, first_name, last_name, email, phone, date_of_birth, occupation, role, important) values (45, 'Lucinda', 'Gil', 'lucinda.gil@fajjusuz.kr', '(961) 233-3461', '1934-09-04', 'Indirect Fire Infantryman', 'External', false);
insert into sample_person (id, first_name, last_name, email, phone, date_of_birth, occupation, role, important) values (46, 'Gertrude', 'Verbeek', 'gertrude.verbeek@pave.cc', '(605) 226-4037', '1964-09-17', 'Licensed Esthetician', 'Worker', false);
insert into sample_person (id, first_name, last_name, email, phone, date_of_birth, occupation, role, important) values (47, 'Mattie', 'Graham', 'mattie.graham@ispaviw.gt', '(719) 765-1705', '1957-07-16', 'Antisubmarine Warfare Intelligence Officer', 'Supervisor', false);
insert into sample_person (id, first_name, last_name, email, phone, date_of_birth, occupation, role, important) values (48, 'Bryan', 'Shaw', 'bryan.shaw@ha.ee', '(232) 228-5539', '2019-03-12', 'Research Assistant', 'Manager', true);
insert into sample_person (id, first_name, last_name, email, phone, date_of_birth, occupation, role, important) values (49, 'Essie', 'Adams', 'essie.adams@iliat.cw', '(768) 554-8377', '1958-09-21', 'Cigar Roller', 'External', false);
insert into sample_person (id, first_name, last_name, email, phone, date_of_birth, occupation, role, important) values (50, 'Gary', 'Osborne', 'gary.osborne@do.ga', '(311) 731-7079', '2009-07-10', 'Customer Support Representative', 'Worker', false);
insert into sample_person (id, first_name, last_name, email, phone, date_of_birth, occupation, role, important) values (51, 'Richard', 'Silva', 'richard.silva@wi.lc', '(207) 554-6244', '2015-02-19', 'Programmer', 'Manager', true);
insert into sample_person (id, first_name, last_name, email, phone, date_of_birth, occupation, role, important) values (52, 'Dustin', 'Pestelli', 'dustin.pestelli@iwage.la', '(558) 913-2855', '1978-06-25', 'Global Engineering Manager', 'Manager', false);
insert into sample_person (id, first_name, last_name, email, phone, date_of_birth, occupation, role, important) values (53, 'Henrietta', 'Hilton', 'henrietta.hilton@joopoju.pn', '(832) 759-6654', '1944-04-18', 'Telegraph and Teletype Operator', 'External', false);
insert into sample_person (id, first_name, last_name, email, phone, date_of_birth, occupation, role, important) values (54, 'Francisco', 'Giordano', 'francisco.giordano@gojawu.tn', '(482) 736-8079', '1988-09-25', 'Hairpiece Stylist', 'Manager', false);
insert into sample_person (id, first_name, last_name, email, phone, date_of_birth, occupation, role, important) values (55, 'Cynthia', 'Sardi', 'cynthia.sardi@afigoh.mm', '(677) 345-2680', '1974-03-16', 'Tobacco Buyer', 'External', false);
insert into sample_person (id, first_name, last_name, email, phone, date_of_birth, occupation, role, important) values (56, 'Lula', 'Testi', 'lula.testi@benom.tj', '(610) 374-7581', '1972-01-11', 'Marine Steamfitter', 'Worker', false);
insert into sample_person (id, first_name, last_name, email, phone, date_of_birth, occupation, role, important) values (57, 'Bess', 'Lucas', 'bess.lucas@jevakbe.cd', '(982) 583-8067', '1929-06-21', 'Attending Anesthesiologist', 'Supervisor', false);
insert into sample_person (id, first_name, last_name, email, phone, date_of_birth, occupation, role, important) values (58, 'Linnie', 'Driessen', 'linnie.driessen@darhow.tr', '(680) 266-3167', '1968-03-21', 'Certified Indoor Environmentalist', 'External', false);
insert into sample_person (id, first_name, last_name, email, phone, date_of_birth, occupation, role, important) values (59, 'Eva', 'Tesi', 'eva.tesi@dupid.cf', '(611) 955-4652', '1972-02-01', 'Land Management Forester', 'Worker', false);
insert into sample_person (id, first_name, last_name, email, phone, date_of_birth, occupation, role, important) values (60, 'Augusta', 'Sakai', 'augusta.sakai@comouc.ee', '(940) 714-8088', '1936-11-08', 'Digital Proofing and Platemaker', 'Worker', false);
insert into sample_person (id, first_name, last_name, email, phone, date_of_birth, occupation, role, important) values (61, 'Mathilda', 'Schwarz', 'mathilda.schwarz@igunisi.ao', '(868) 481-5125', '1942-03-04', 'Public Health Veterinarian', 'Manager', false);
insert into sample_person (id, first_name, last_name, email, phone, date_of_birth, occupation, role, important) values (62, 'Joe', 'Riley', 'joe.riley@pe.vu', '(225) 395-2772', '2017-08-12', 'Statement Processor', 'External', true);
insert into sample_person (id, first_name, last_name, email, phone, date_of_birth, occupation, role, important) values (63, 'Leon', 'McGee', 'leon.mcgee@puk.se', '(365) 837-6888', '2011-05-29', 'Computer Applications Developer', 'Worker', false);
insert into sample_person (id, first_name, last_name, email, phone, date_of_birth, occupation, role, important) values (64, 'Florence', 'Viviani', 'florence.viviani@vegub.no', '(606) 352-8734', '1970-03-21', 'African History Professor', 'Supervisor', false);
insert into sample_person (id, first_name, last_name, email, phone, date_of_birth, occupation, role, important) values (65, 'Lee', 'Miceli', 'lee.miceli@rucwi.pf', '(555) 800-7339', '1982-06-24', 'Gastroenterology Professor', 'Manager', false);
insert into sample_person (id, first_name, last_name, email, phone, date_of_birth, occupation, role, important) values (66, 'Celia', 'Sodi', 'celia.sodi@agijit.iq', '(657) 357-3671', '1973-04-16', 'Laboratory Animal Caretaker', 'External', false);
insert into sample_person (id, first_name, last_name, email, phone, date_of_birth, occupation, role, important) values (67, 'Aaron', 'Misuri', 'aaron.misuri@loolu.lu', '(523) 789-5485', '1982-03-18', 'Water Pump Installer', 'Worker', false);
insert into sample_person (id, first_name, last_name, email, phone, date_of_birth, occupation, role, important) values (68, 'Fanny', 'Parkinson', 'fanny.parkinson@tupwovali.cw', '(766) 966-7387', '1949-12-28', 'Orthopedic Cast Specialist', 'Supervisor', false);
insert into sample_person (id, first_name, last_name, email, phone, date_of_birth, occupation, role, important) values (69, 'Phoebe', 'Vitale', 'phoebe.vitale@hidge.fo', '(672) 613-2954', '1970-04-30', 'Budget Coordinator', 'Manager', false);
insert into sample_person (id, first_name, last_name, email, phone, date_of_birth, occupation, role, important) values (70, 'Edith', 'Brennan', 'edith.brennan@liowci.ir', '(803) 549-9387', '1948-10-09', 'Railroad Engineer', 'Manager', false);
insert into sample_person (id, first_name, last_name, email, phone, date_of_birth, occupation, role, important) values (71, 'Jeremy', 'Marilli', 'jeremy.marilli@vesa.pf', '(526) 435-1819', '1984-04-13', 'Chief Projectionist', 'External', false);
insert into sample_person (id, first_name, last_name, email, phone, date_of_birth, occupation, role, important) values (72, 'Kathryn', 'Huet', 'kathryn.huet@wupikdoh.by', '(937) 855-5936', '1927-10-01', 'Telecasting Engineer', 'Worker', false);
insert into sample_person (id, first_name, last_name, email, phone, date_of_birth, occupation, role, important) values (73, 'Lelia', 'Matsuo', 'lelia.matsuo@dajsiphaj.az', '(960) 335-6192', '1935-10-12', 'Drama Therapist', 'Supervisor', false);
insert into sample_person (id, first_name, last_name, email, phone, date_of_birth, occupation, role, important) values (74, 'Virginia', 'Woods', 'virginia.woods@soofpe.ht', '(735) 809-2611', '1955-07-20', 'General Superintendent', 'Manager', false);
insert into sample_person (id, first_name, last_name, email, phone, date_of_birth, occupation, role, important) values (75, 'Sally', 'Aoki', 'sally.aoki@aruzusjas.tc', '(857) 797-7918', '1937-09-20', 'Technical Communicator', 'External', false);
insert into sample_person (id, first_name, last_name, email, phone, date_of_birth, occupation, role, important) values (76, 'Isabelle', 'de Ridder', 'isabelle.deridder@ufeco.in', '(659) 331-1543', '1963-07-07', 'Leisure Studies Professor', 'Worker', false);
insert into sample_person (id, first_name, last_name, email, phone, date_of_birth, occupation, role, important) values (77, 'Rosie', 'Murphy', 'rosie.murphy@uneehi.id', '(759) 639-8597', '1959-01-07', 'Air Conditioning Service Technician', 'Supervisor', false);
insert into sample_person (id, first_name, last_name, email, phone, date_of_birth, occupation, role, important) values (78, 'Lou', 'Meyer', 'lou.meyer@hahinaba.gm', '(942) 352-4854', '1929-10-02', 'Business Unit Manager', 'External', false);
insert into sample_person (id, first_name, last_name, email, phone, date_of_birth, occupation, role, important) values (79, 'Rodney', 'Love', 'rodney.love@zun.ph', '(247) 867-8287', '2013-01-26', 'Job Estimator', 'Worker', false);
insert into sample_person (id, first_name, last_name, email, phone, date_of_birth, occupation, role, important) values (80, 'Kenneth', 'Bianchini', 'kenneth.bianchini@jo.ws', '(302) 793-9936', '2002-01-18', 'Correctional Officer Sergeant', 'Worker', false);
insert into sample_person (id, first_name, last_name, email, phone, date_of_birth, occupation, role, important) values (81, 'Essie', 'Dietrich', 'essie.dietrich@goltuefo.mn', '(861) 740-6628', '1939-09-20', 'Parking Meter Collector', 'Supervisor', false);
insert into sample_person (id, first_name, last_name, email, phone, date_of_birth, occupation, role, important) values (82, 'Leila', 'Simon', 'leila.simon@lupuwuzo.gw', '(953) 866-9992', '1931-06-17', 'Signals Intelligence/Electronic Warfare Chief', 'External', false);
insert into sample_person (id, first_name, last_name, email, phone, date_of_birth, occupation, role, important) values (83, 'Eva', 'Pierre', 'eva.pierre@reduzris.ee', '(915) 491-8384', '1928-06-28', 'Clinical Psychiatrist', 'Worker', false);
insert into sample_person (id, first_name, last_name, email, phone, date_of_birth, occupation, role, important) values (84, 'Landon', 'Moretti', 'landon.moretti@pubsav.sk', '(584) 909-6235', '1981-10-01', 'Wildlife Officer', 'Supervisor', false);
insert into sample_person (id, first_name, last_name, email, phone, date_of_birth, occupation, role, important) values (85, 'Mittie', 'Sardi', 'mittie.sardi@lullip.nf', '(673) 849-4256', '1974-03-11', 'Food Chemist', 'Manager', false);
insert into sample_person (id, first_name, last_name, email, phone, date_of_birth, occupation, role, important) values (86, 'Corey', 'McDaniel', 'corey.mcdaniel@aba.tc', '(268) 208-9643', '2013-05-15', 'Advanced Foreign Counterintelligence Specialist (Afcs)', 'Supervisor', false);
insert into sample_person (id, first_name, last_name, email, phone, date_of_birth, occupation, role, important) values (87, 'Hester', 'Stein', 'hester.stein@kettujwo.eu', '(873) 489-6641', '1940-03-07', 'Forest Fire Officer', 'Manager', false);
insert into sample_person (id, first_name, last_name, email, phone, date_of_birth, occupation, role, important) values (88, 'Danny', 'Lowe', 'danny.lowe@ju.sd', '(243) 974-5539', '2014-06-20', 'Catalogue Illustrator', 'External', true);
insert into sample_person (id, first_name, last_name, email, phone, date_of_birth, occupation, role, important) values (89, 'Lillie', 'Winter', 'lillie.winter@vioburez.vi', '(816) 699-1291', '1946-05-15', 'Knife Grinder', 'Worker', false);
insert into sample_person (id, first_name, last_name, email, phone, date_of_birth, occupation, role, important) values (90, 'Brandon', 'Borchi', 'brandon.borchi@ig.al', '(319) 401-1090', '2001-03-06', 'Neuropsychiatrist', 'Supervisor', false);
insert into sample_person (id, first_name, last_name, email, phone, date_of_birth, occupation, role, important) values (91, 'Isaac', 'Bernardi', 'isaac.bernardi@omu.bj', '(359) 691-6408', '2002-08-17', 'Bottle Packer', 'Manager', false);
insert into sample_person (id, first_name, last_name, email, phone, date_of_birth, occupation, role, important) values (92, 'Clyde', 'Crawford', 'clyde.crawford@luw.dz', '(273) 892-4646', '2019-08-20', 'Special Education Kindergarten Teacher', 'External', true);
insert into sample_person (id, first_name, last_name, email, phone, date_of_birth, occupation, role, important) values (93, 'Paul', 'Sherman', 'paul.sherman@pi.cf', '(304) 610-2881', '2009-01-26', 'Commercial Art Instructor', 'Worker', false);
insert into sample_person (id, first_name, last_name, email, phone, date_of_birth, occupation, role, important) values (94, 'Craig', 'Russell', 'craig.russell@zu.nz', '(237) 969-2900', '2020-11-23', 'Ferryboat Captain', 'Supervisor', true);
insert into sample_person (id, first_name, last_name, email, phone, date_of_birth, occupation, role, important) values (95, 'John', 'Sutton', 'john.sutton@ag.ee', '(207) 424-6468', '2014-02-04', 'School Social Worker', 'Manager', false);
insert into sample_person (id, first_name, last_name, email, phone, date_of_birth, occupation, role, important) values (96, 'Francisco', 'Formigli', 'francisco.formigli@fopav.tn', '(481) 661-8179', '1991-01-19', 'Joint Terminal Attack Controller', 'External', false);
insert into sample_person (id, first_name, last_name, email, phone, date_of_birth, occupation, role, important) values (97, 'Gary', 'Baker', 'gary.baker@ji.cf', '(212) 510-3444', '2023-02-08', 'VP Sales', 'Worker', true);
insert into sample_person (id, first_name, last_name, email, phone, date_of_birth, occupation, role, important) values (98, 'Earl', 'Giovannoni', 'earl.giovannoni@lojet.ge', '(433) 862-3076', '1988-06-18', 'Auto Service Station Attendant', 'Manager', false);
insert into sample_person (id, first_name, last_name, email, phone, date_of_birth, occupation, role, important) values (99, 'Helen', 'Zanieri', 'helen.zanieri@ukve.tn', '(619) 506-4452', '1969-10-31', 'Healthcare Social Worker', 'External', false);
insert into sample_person (id, first_name, last_name, email, phone, date_of_birth, occupation, role, important) values (100, 'Agnes', 'Toccafondi', 'agnes.toccafondi@viipo.ae', '(616) 688-6883', '1971-11-20', 'Comedian', 'External', false);

insert into user_info (username, name, hashed_password, profile_picture) values ('admin', 'Emma Executive', '$2a$10$R0SLzYvGSPwiF6YCSsRD2uT.pscAV.Ga/q89TQuXH.bgd8UDP2xJO', x'ffd8ffe000104a46494600010101004800480000ffe20c584943435f50524f46494c4500010100000c484c696e6f021000006d6e74725247422058595a2007ce00020009000600310000616373704d5346540000000049454320735247420000000000000000000000000000f6d6000100000000d32d4850202000000000000000000000000000000000000000000000000000000000000000000000000000000000000000000000001163707274000001500000003364657363000001840000006c77747074000001f000000014626b707400000204000000147258595a00000218000000146758595a0000022c000000146258595a0000024000000014646d6e640000025400000070646d6464000002c400000088767565640000034c0000008676696577000003d4000000246c756d69000003f8000000146d6561730000040c0000002474656368000004300000000c725452430000043c0000080c675452430000043c0000080c625452430000043c0000080c7465787400000000436f70797269676874202863292031393938204865776c6574742d5061636b61726420436f6d70616e790000646573630000000000000012735247422049454336313936362d322e31000000000000000000000012735247422049454336313936362d322e31000000000000000000000000000000000000000000000000000000000000000000000000000000000000000000000000000058595a20000000000000f35100010000000116cc58595a200000000000000000000000000000000058595a200000000000006fa2000038f50000039058595a2000000000000062990000b785000018da58595a2000000000000024a000000f840000b6cf64657363000000000000001649454320687474703a2f2f7777772e6965632e636800000000000000000000001649454320687474703a2f2f7777772e6965632e63680000000000000000000000000000000000000000000000000000000000000000000000000000000000000000000064657363000000000000002e4945432036313936362d322e312044656661756c742052474220636f6c6f7572207370616365202d207352474200000000000000000000002e4945432036313936362d322e312044656661756c742052474220636f6c6f7572207370616365202d20735247420000000000000000000000000000000000000000000064657363000000000000002c5265666572656e63652056696577696e6720436f6e646974696f6e20696e2049454336313936362d322e3100000000000000000000002c5265666572656e63652056696577696e6720436f6e646974696f6e20696e2049454336313936362d322e31000000000000000000000000000000000000000000000000000076696577000000000013a4fe00145f2e0010cf140003edcc0004130b00035c9e0000000158595a2000000000004c09560050000000571fe76d6561730000000000000001000000000000000000000000000000000000028f0000000273696720000000004352542063757276000000000000040000000005000a000f00140019001e00230028002d00320037003b00400045004a004f00540059005e00630068006d00720077007c00810086008b00900095009a009f00a400a900ae00b200b700bc00c100c600cb00d000d500db00e000e500eb00f000f600fb01010107010d01130119011f0125012b01320138013e0145014c0152015901600167016e0175017c0183018b0192019a01a101a901b101b901c101c901d101d901e101e901f201fa0203020c0214021d0226022f02380241024b0254025d02670271027a0284028e029802a202ac02b602c102cb02d502e002eb02f50300030b03160321032d03380343034f035a03660372037e038a039603a203ae03ba03c703d303e003ec03f9040604130420042d043b0448045504630471047e048c049a04a804b604c404d304e104f004fe050d051c052b053a05490558056705770586059605a605b505c505d505e505f6060606160627063706480659066a067b068c069d06af06c006d106e306f507070719072b073d074f076107740786079907ac07bf07d207e507f8080b081f08320846085a086e0882089608aa08be08d208e708fb09100925093a094f09640979098f09a409ba09cf09e509fb0a110a270a3d0a540a6a0a810a980aae0ac50adc0af30b0b0b220b390b510b690b800b980bb00bc80be10bf90c120c2a0c430c5c0c750c8e0ca70cc00cd90cf30d0d0d260d400d5a0d740d8e0da90dc30dde0df80e130e2e0e490e640e7f0e9b0eb60ed20eee0f090f250f410f5e0f7a0f960fb30fcf0fec1009102610431061107e109b10b910d710f511131131114f116d118c11aa11c911e81207122612451264128412a312c312e31303132313431363138313a413c513e5140614271449146a148b14ad14ce14f01512153415561578159b15bd15e0160316261649166c168f16b216d616fa171d17411765178917ae17d217f7181b18401865188a18af18d518fa19201945196b199119b719dd1a041a2a1a511a771a9e1ac51aec1b141b3b1b631b8a1bb21bda1c021c2a1c521c7b1ca31ccc1cf51d1e1d471d701d991dc31dec1e161e401e6a1e941ebe1ee91f131f3e1f691f941fbf1fea20152041206c209820c420f0211c2148217521a121ce21fb22272255228222af22dd230a23382366239423c223f0241f244d247c24ab24da250925382568259725c725f726272657268726b726e827182749277a27ab27dc280d283f287128a228d429062938296b299d29d02a022a352a682a9b2acf2b022b362b692b9d2bd12c052c392c6e2ca22cd72d0c2d412d762dab2de12e162e4c2e822eb72eee2f242f5a2f912fc72ffe3035306c30a430db3112314a318231ba31f2322a3263329b32d4330d3346337f33b833f1342b3465349e34d83513354d358735c235fd3637367236ae36e937243760379c37d738143850388c38c839053942397f39bc39f93a363a743ab23aef3b2d3b6b3baa3be83c273c653ca43ce33d223d613da13de03e203e603ea03ee03f213f613fa23fe24023406440a640e74129416a41ac41ee4230427242b542f7433a437d43c044034447448a44ce45124555459a45de4622466746ab46f04735477b47c04805484b489148d7491d496349a949f04a374a7d4ac44b0c4b534b9a4be24c2a4c724cba4d024d4a4d934ddc4e254e6e4eb74f004f494f934fdd5027507150bb51065150519b51e65231527c52c75313535f53aa53f65442548f54db5528557555c2560f565c56a956f75744579257e0582f587d58cb591a596959b85a075a565aa65af55b455b955be55c355c865cd65d275d785dc95e1a5e6c5ebd5f0f5f615fb36005605760aa60fc614f61a261f56249629c62f06343639763eb6440649464e9653d659265e7663d669266e8673d679367e9683f689668ec6943699a69f16a486a9f6af76b4f6ba76bff6c576caf6d086d606db96e126e6b6ec46f1e6f786fd1702b708670e0713a719571f0724b72a67301735d73b87414747074cc7528758575e1763e769b76f8775677b37811786e78cc792a798979e77a467aa57b047b637bc27c217c817ce17d417da17e017e627ec27f237f847fe5804780a8810a816b81cd8230829282f4835783ba841d848084e3854785ab860e867286d7873b879f8804886988ce8933899989fe8a648aca8b308b968bfc8c638cca8d318d988dff8e668ece8f368f9e9006906e90d6913f91a89211927a92e3934d93b69420948a94f4955f95c99634969f970a977597e0984c98b89924999099fc9a689ad59b429baf9c1c9c899cf79d649dd29e409eae9f1d9f8b9ffaa069a0d8a147a1b6a226a296a306a376a3e6a456a4c7a538a5a9a61aa68ba6fda76ea7e0a852a8c4a937a9a9aa1caa8fab02ab75abe9ac5cacd0ad44adb8ae2daea1af16af8bb000b075b0eab160b1d6b24bb2c2b338b3aeb425b49cb513b58ab601b679b6f0b768b7e0b859b8d1b94ab9c2ba3bbab5bb2ebba7bc21bc9bbd15bd8fbe0abe84beffbf7abff5c070c0ecc167c1e3c25fc2dbc358c3d4c451c4cec54bc5c8c646c6c3c741c7bfc83dc8bcc93ac9b9ca38cab7cb36cbb6cc35ccb5cd35cdb5ce36ceb6cf37cfb8d039d0bad13cd1bed23fd2c1d344d3c6d449d4cbd54ed5d1d655d6d8d75cd7e0d864d8e8d96cd9f1da76dafbdb80dc05dc8add10dd96de1cdea2df29dfafe036e0bde144e1cce253e2dbe363e3ebe473e4fce584e60de696e71fe7a9e832e8bce946e9d0ea5beae5eb70ebfbec86ed11ed9cee28eeb4ef40efccf058f0e5f172f1fff28cf319f3a7f434f4c2f550f5def66df6fbf78af819f8a8f938f9c7fa57fae7fb77fc07fc98fd29fdbafe4bfedcff6dffffffdb004300090606080605090807080a09090a0d160e0d0c0c0d1a131410161f1c21201f1c1e1e2327322a23252f251e1e2b3b2c2f3335383838212a3d413c364132373835ffdb004301090a0a0d0b0d190e0e1935241e243535353535353535353535353535353535353535353535353535353535353535353535353535353535353535353535353535ffc0001108001a001a03012200021101031101ffc400190000020301000000000000000000000000040500020706ffc4002b100001030302050109000000000000000001020311000405061213213141517314152233376182a2b1ffc400160101010100000000000000000000000000020103ffc4001a110003010101010000000000000000000000010221031112ffda000c03010002110311003f00ccd02051d7f84c958636defae2dcb76f7090b6d532483d2476a0c2429241e7222b43ba2de574f58a5e7dd71a36282d927e127985a48fb181e68f4af9487ce15b68ce1077a4cf51536d428e15c2900c804a41ec62ad14d699bc1f6274c3d91c35c655e743166cee4a206e5bcb1d93e04f2934d34d241d0d93f783894b4d3db994adcd813b809dbf9f9eb4ef1ff4cf17e8b47f6a49af9b43790b1421094a38cb3b408131d6b57cd35a49b72f0e598c7a9ec81b70a0a093f311cc19ee0d303a695b8c5d263d334669648f666390ea3fa69dc0f15661781aa7e9ffd9');
insert into user_info (username, name, hashed_password, profile_picture) values ('user', 'John Normal', '$2a$10$R0SLzYvGSPwiF6YCSsRD2uT.pscAV.Ga/q89TQuXH.bgd8UDP2xJO', x'ffd8ffe000104a46494600010101004800480000ffe20c584943435f50524f46494c4500010100000c484c696e6f021000006d6e74725247422058595a2007ce00020009000600310000616373704d5346540000000049454320735247420000000000000000000000000000f6d6000100000000d32d4850202000000000000000000000000000000000000000000000000000000000000000000000000000000000000000000000001163707274000001500000003364657363000001840000006c77747074000001f000000014626b707400000204000000147258595a00000218000000146758595a0000022c000000146258595a0000024000000014646d6e640000025400000070646d6464000002c400000088767565640000034c0000008676696577000003d4000000246c756d69000003f8000000146d6561730000040c0000002474656368000004300000000c725452430000043c0000080c675452430000043c0000080c625452430000043c0000080c7465787400000000436f70797269676874202863292031393938204865776c6574742d5061636b61726420436f6d70616e790000646573630000000000000012735247422049454336313936362d322e31000000000000000000000012735247422049454336313936362d322e31000000000000000000000000000000000000000000000000000000000000000000000000000000000000000000000000000058595a20000000000000f35100010000000116cc58595a200000000000000000000000000000000058595a200000000000006fa2000038f50000039058595a2000000000000062990000b785000018da58595a2000000000000024a000000f840000b6cf64657363000000000000001649454320687474703a2f2f7777772e6965632e636800000000000000000000001649454320687474703a2f2f7777772e6965632e63680000000000000000000000000000000000000000000000000000000000000000000000000000000000000000000064657363000000000000002e4945432036313936362d322e312044656661756c742052474220636f6c6f7572207370616365202d207352474200000000000000000000002e4945432036313936362d322e312044656661756c742052474220636f6c6f7572207370616365202d20735247420000000000000000000000000000000000000000000064657363000000000000002c5265666572656e63652056696577696e6720436f6e646974696f6e20696e2049454336313936362d322e3100000000000000000000002c5265666572656e63652056696577696e6720436f6e646974696f6e20696e2049454336313936362d322e31000000000000000000000000000000000000000000000000000076696577000000000013a4fe00145f2e0010cf140003edcc0004130b00035c9e0000000158595a2000000000004c09560050000000571fe76d6561730000000000000001000000000000000000000000000000000000028f0000000273696720000000004352542063757276000000000000040000000005000a000f00140019001e00230028002d00320037003b00400045004a004f00540059005e00630068006d00720077007c00810086008b00900095009a009f00a400a900ae00b200b700bc00c100c600cb00d000d500db00e000e500eb00f000f600fb01010107010d01130119011f0125012b01320138013e0145014c0152015901600167016e0175017c0183018b0192019a01a101a901b101b901c101c901d101d901e101e901f201fa0203020c0214021d0226022f02380241024b0254025d02670271027a0284028e029802a202ac02b602c102cb02d502e002eb02f50300030b03160321032d03380343034f035a03660372037e038a039603a203ae03ba03c703d303e003ec03f9040604130420042d043b0448045504630471047e048c049a04a804b604c404d304e104f004fe050d051c052b053a05490558056705770586059605a605b505c505d505e505f6060606160627063706480659066a067b068c069d06af06c006d106e306f507070719072b073d074f076107740786079907ac07bf07d207e507f8080b081f08320846085a086e0882089608aa08be08d208e708fb09100925093a094f09640979098f09a409ba09cf09e509fb0a110a270a3d0a540a6a0a810a980aae0ac50adc0af30b0b0b220b390b510b690b800b980bb00bc80be10bf90c120c2a0c430c5c0c750c8e0ca70cc00cd90cf30d0d0d260d400d5a0d740d8e0da90dc30dde0df80e130e2e0e490e640e7f0e9b0eb60ed20eee0f090f250f410f5e0f7a0f960fb30fcf0fec1009102610431061107e109b10b910d710f511131131114f116d118c11aa11c911e81207122612451264128412a312c312e31303132313431363138313a413c513e5140614271449146a148b14ad14ce14f01512153415561578159b15bd15e0160316261649166c168f16b216d616fa171d17411765178917ae17d217f7181b18401865188a18af18d518fa19201945196b199119b719dd1a041a2a1a511a771a9e1ac51aec1b141b3b1b631b8a1bb21bda1c021c2a1c521c7b1ca31ccc1cf51d1e1d471d701d991dc31dec1e161e401e6a1e941ebe1ee91f131f3e1f691f941fbf1fea20152041206c209820c420f0211c2148217521a121ce21fb22272255228222af22dd230a23382366239423c223f0241f244d247c24ab24da250925382568259725c725f726272657268726b726e827182749277a27ab27dc280d283f287128a228d429062938296b299d29d02a022a352a682a9b2acf2b022b362b692b9d2bd12c052c392c6e2ca22cd72d0c2d412d762dab2de12e162e4c2e822eb72eee2f242f5a2f912fc72ffe3035306c30a430db3112314a318231ba31f2322a3263329b32d4330d3346337f33b833f1342b3465349e34d83513354d358735c235fd3637367236ae36e937243760379c37d738143850388c38c839053942397f39bc39f93a363a743ab23aef3b2d3b6b3baa3be83c273c653ca43ce33d223d613da13de03e203e603ea03ee03f213f613fa23fe24023406440a640e74129416a41ac41ee4230427242b542f7433a437d43c044034447448a44ce45124555459a45de4622466746ab46f04735477b47c04805484b489148d7491d496349a949f04a374a7d4ac44b0c4b534b9a4be24c2a4c724cba4d024d4a4d934ddc4e254e6e4eb74f004f494f934fdd5027507150bb51065150519b51e65231527c52c75313535f53aa53f65442548f54db5528557555c2560f565c56a956f75744579257e0582f587d58cb591a596959b85a075a565aa65af55b455b955be55c355c865cd65d275d785dc95e1a5e6c5ebd5f0f5f615fb36005605760aa60fc614f61a261f56249629c62f06343639763eb6440649464e9653d659265e7663d669266e8673d679367e9683f689668ec6943699a69f16a486a9f6af76b4f6ba76bff6c576caf6d086d606db96e126e6b6ec46f1e6f786fd1702b708670e0713a719571f0724b72a67301735d73b87414747074cc7528758575e1763e769b76f8775677b37811786e78cc792a798979e77a467aa57b047b637bc27c217c817ce17d417da17e017e627ec27f237f847fe5804780a8810a816b81cd8230829282f4835783ba841d848084e3854785ab860e867286d7873b879f8804886988ce8933899989fe8a648aca8b308b968bfc8c638cca8d318d988dff8e668ece8f368f9e9006906e90d6913f91a89211927a92e3934d93b69420948a94f4955f95c99634969f970a977597e0984c98b89924999099fc9a689ad59b429baf9c1c9c899cf79d649dd29e409eae9f1d9f8b9ffaa069a0d8a147a1b6a226a296a306a376a3e6a456a4c7a538a5a9a61aa68ba6fda76ea7e0a852a8c4a937a9a9aa1caa8fab02ab75abe9ac5cacd0ad44adb8ae2daea1af16af8bb000b075b0eab160b1d6b24bb2c2b338b3aeb425b49cb513b58ab601b679b6f0b768b7e0b859b8d1b94ab9c2ba3bbab5bb2ebba7bc21bc9bbd15bd8fbe0abe84beffbf7abff5c070c0ecc167c1e3c25fc2dbc358c3d4c451c4cec54bc5c8c646c6c3c741c7bfc83dc8bcc93ac9b9ca38cab7cb36cbb6cc35ccb5cd35cdb5ce36ceb6cf37cfb8d039d0bad13cd1bed23fd2c1d344d3c6d449d4cbd54ed5d1d655d6d8d75cd7e0d864d8e8d96cd9f1da76dafbdb80dc05dc8add10dd96de1cdea2df29dfafe036e0bde144e1cce253e2dbe363e3ebe473e4fce584e60de696e71fe7a9e832e8bce946e9d0ea5beae5eb70ebfbec86ed11ed9cee28eeb4ef40efccf058f0e5f172f1fff28cf319f3a7f434f4c2f550f5def66df6fbf78af819f8a8f938f9c7fa57fae7fb77fc07fc98fd29fdbafe4bfedcff6dffffffdb004300090606080605090807080a09090a0d160e0d0c0c0d1a131410161f1c21201f1c1e1e2327322a23252f251e1e2b3b2c2f3335383838212a3d413c364132373835ffdb004301090a0a0d0b0d190e0e1935241e243535353535353535353535353535353535353535353535353535353535353535353535353535353535353535353535353535ffc0001108001a001a03012200021101031101ffc4001a000002020300000000000000000000000005060107030408ffc4002e10000103020404030901000000000000000102030400110506122113314161075171151623243234425263d1ffc40017010101010100000000000000000000000001030002ffc4001a110003000301000000000000000000000000010203122131ffda000c03010002110311003f00796d8bf4a0f27376090a7ae2bf21c41697c371ee02cb28579172da47973b5e995b481b9e94baec44c9c36630f14f001712b6cb62ca049ff68c95a2298637e0614ca4a2e2c41dc11c8d63e0d46070bd9d97e1425385d547610d6b50dd5615b5a3b5764d8b39c33fc7cb0fa61351d52e6adbd653ab4a1b04eda8f7b1e40d2546f112ecc97a74171f9ab376d285da3a7b904f4f3b1268467d5139f315b927e327aff3450547d07d6b54aaf422dcf516165df1516db8db38fb2d9413a4cb676d3dd483d3d0d59a14149052a4949dc1bd736382e8503cad56b6013247bb9877cc3bf6ad7e67f414a03fffd9');

insert into roles (role) values ('ADMIN');
insert into roles (role) values ('USER');

insert into user_roles (user_id, roles_id) values (1, 1);
insert into user_roles (user_id, roles_id) values (1, 2);
insert into user_roles (user_id, roles_id) values (2, 2);

insert into message_locales (locale) values ('en');
insert into message_locales (locale) values ('de');
insert into message_locales (locale) values ('fi');
insert into message_locales (locale) values ('fr');
insert into message_locales (locale) values ('ko');
insert into message_locales (locale) values ('zh');

insert into message_keys (message_key) values ('en');
insert into message_keys (message_key) values ('de');
insert into message_keys (message_key) values ('fi');
insert into message_keys (message_key) values ('fr');
insert into message_keys (message_key) values ('ko');
insert into message_keys (message_key) values ('zh');
insert into message_keys (message_key) values ('view.helloButton');
insert into message_keys (message_key) values ('view.nameField');
insert into message_keys (message_key) values ('view.langSelect');
insert into message_keys (message_key) values ('service.greeting');
insert into message_keys (message_key) values ('service.anonymousGreeting');
insert into message_keys (message_key) values ('view.help.nopreferencefound');
insert into message_keys (message_key) values ('view.help.localefoundfromcookie');
insert into message_keys (message_key) values ('view.help.clearcookie');
insert into message_keys (message_key) values ('view.help.selectlang');
insert into message_keys (message_key) values ('view.help.localesaved');

insert into message_contents (id, locale, message_key, message_content) values (1, 'en', 'en', 'English');
insert into message_contents (id, locale, message_key, message_content) values (2, 'de', 'en', 'Englisch');
insert into message_contents (id, locale, message_key, message_content) values (3, 'fi', 'en', 'Englanti');
insert into message_contents (id, locale, message_key, message_content) values (4, 'fr', 'en', 'Anglais');
insert into message_contents (id, locale, message_key, message_content) values (5, 'ko', 'en', '영어');
insert into message_contents (id, locale, message_key, message_content) values (6, 'zh', 'en', '英語');

insert into message_contents (id, locale, message_key, message_content) values (7, 'en', 'de', 'German');
insert into message_contents (id, locale, message_key, message_content) values (8, 'de', 'de', 'Deutsch');
insert into message_contents (id, locale, message_key, message_content) values (9, 'fi', 'de', 'Saksa');
insert into message_contents (id, locale, message_key, message_content) values (10, 'fr', 'de', 'Allemand');
insert into message_contents (id, locale, message_key, message_content) values (11, 'ko', 'de', '독일어');
insert into message_contents (id, locale, message_key, message_content) values (12, 'zh', 'de', '德語');

insert into message_contents (id, locale, message_key, message_content) values (13, 'en', 'fi', 'Finnisch');
insert into message_contents (id, locale, message_key, message_content) values (14, 'de', 'fi', 'Finnisch');
insert into message_contents (id, locale, message_key, message_content) values (15, 'fi', 'fi', 'Suomalainen');
insert into message_contents (id, locale, message_key, message_content) values (16, 'fr', 'fi', 'Finlandais');
insert into message_contents (id, locale, message_key, message_content) values (17, 'ko', 'fi', '핀란드어');
insert into message_contents (id, locale, message_key, message_content) values (18, 'zh', 'fi', '芬蘭');

insert into message_contents (id, locale, message_key, message_content) values (19, 'en', 'fr', 'French');
insert into message_contents (id, locale, message_key, message_content) values (20, 'de', 'fr', 'Französisch');
insert into message_contents (id, locale, message_key, message_content) values (21, 'fi', 'fr', 'Ranskan kieli');
insert into message_contents (id, locale, message_key, message_content) values (22, 'fr', 'fr', 'Français');
insert into message_contents (id, locale, message_key, message_content) values (23, 'ko', 'fr', '프링스어');
insert into message_contents (id, locale, message_key, message_content) values (24, 'zh', 'fr', '法語');

insert into message_contents (id, locale, message_key, message_content) values (25, 'en', 'ko', 'Korean');
insert into message_contents (id, locale, message_key, message_content) values (26, 'de', 'ko', 'Koreanisch');
insert into message_contents (id, locale, message_key, message_content) values (27, 'fi', 'ko', 'Korealainen');
insert into message_contents (id, locale, message_key, message_content) values (28, 'fr', 'ko', 'Coréen');
insert into message_contents (id, locale, message_key, message_content) values (29, 'ko', 'ko', '한국어');
insert into message_contents (id, locale, message_key, message_content) values (30, 'zh', 'ko', '韓國語');

insert into message_contents (id, locale, message_key, message_content) values (31, 'en', 'zh', 'Chinese');
insert into message_contents (id, locale, message_key, message_content) values (32, 'de', 'zh', 'Chinesisch');
insert into message_contents (id, locale, message_key, message_content) values (33, 'fi', 'zh', 'Kiinalainen');
insert into message_contents (id, locale, message_key, message_content) values (34, 'fr', 'zh', 'Chinois');
insert into message_contents (id, locale, message_key, message_content) values (35, 'ko', 'zh', '중국어');
insert into message_contents (id, locale, message_key, message_content) values (36, 'zh', 'zh', '普通話');

insert into message_contents (id, locale, message_key, message_content) values (37, 'en', 'view.helloButton', 'Say hello');
insert into message_contents (id, locale, message_key, message_content) values (38, 'de', 'view.helloButton', 'Sag Hallo');
insert into message_contents (id, locale, message_key, message_content) values (39, 'fi', 'view.helloButton', 'Sano Hei');
insert into message_contents (id, locale, message_key, message_content) values (40, 'fr', 'view.helloButton', 'Dire bonjour');
insert into message_contents (id, locale, message_key, message_content) values (41, 'ko', 'view.helloButton', '인사하기');
insert into message_contents (id, locale, message_key, message_content) values (42, 'zh', 'view.helloButton', '問好');

insert into message_contents (id, locale, message_key, message_content) values (43, 'en', 'view.nameField', 'Your name');
insert into message_contents (id, locale, message_key, message_content) values (44, 'de', 'view.nameField', 'Ihr Name');
insert into message_contents (id, locale, message_key, message_content) values (45, 'fi', 'view.nameField', 'Sinun nimesi');
insert into message_contents (id, locale, message_key, message_content) values (46, 'fr', 'view.nameField', 'Votre nom');
insert into message_contents (id, locale, message_key, message_content) values (47, 'ko', 'view.nameField', '이름');
insert into message_contents (id, locale, message_key, message_content) values (48, 'zh', 'view.nameField', '你的名字');

insert into message_contents (id, locale, message_key, message_content) values (49, 'en', 'view.langSelect', 'Select a language');
insert into message_contents (id, locale, message_key, message_content) values (50, 'de', 'view.langSelect', 'Wähle eine Sprache');
insert into message_contents (id, locale, message_key, message_content) values (51, 'fi', 'view.langSelect', 'Valitse kieli');
insert into message_contents (id, locale, message_key, message_content) values (52, 'fr', 'view.langSelect', 'Sélectionnez une langue');
insert into message_contents (id, locale, message_key, message_content) values (53, 'ko', 'view.langSelect', '언어를 선택하세요.');
insert into message_contents (id, locale, message_key, message_content) values (54, 'zh', 'view.langSelect', '選擇語言');

insert into message_contents (id, locale, message_key, message_content) values (55, 'en', 'service.greeting', 'Hello {0}!');
insert into message_contents (id, locale, message_key, message_content) values (56, 'de', 'service.greeting', 'Hallo {0}!');
insert into message_contents (id, locale, message_key, message_content) values (57, 'fi', 'service.greeting', 'Hei {0}!');
insert into message_contents (id, locale, message_key, message_content) values (58, 'fr', 'service.greeting', 'Bonjour {0}!');
insert into message_contents (id, locale, message_key, message_content) values (59, 'ko', 'service.greeting', '안녕 {0}!');
insert into message_contents (id, locale, message_key, message_content) values (60, 'zh', 'service.greeting', '你好{0}！');

insert into message_contents (id, locale, message_key, message_content) values (61, 'en', 'service.anonymousGreeting', 'Hello anonymous!');
insert into message_contents (id, locale, message_key, message_content) values (62, 'de', 'service.anonymousGreeting', 'Hallo Anonym!');
insert into message_contents (id, locale, message_key, message_content) values (63, 'fi', 'service.anonymousGreeting', 'Hei tuntematon!');
insert into message_contents (id, locale, message_key, message_content) values (64, 'fr', 'service.anonymousGreeting', 'Bonjour anonyme!');
insert into message_contents (id, locale, message_key, message_content) values (65, 'ko', 'service.anonymousGreeting', '안녕 친구들!');
insert into message_contents (id, locale, message_key, message_content) values (66, 'zh', 'service.anonymousGreeting', '你好匿名');

insert into message_contents (id, locale, message_key, message_content) values (67, 'en', 'view.help.nopreferencefound', 'No stored language preference found. Defaulting to browser locale (if supported) or English.');
insert into message_contents (id, locale, message_key, message_content) values (68, 'de', 'view.help.nopreferencefound', 'Keine gespeicherte Spracheinstellung gefunden. Standardmäßig wird das Browsergebietsschema (falls unterstützt) oder Englisch verwendet.');
insert into message_contents (id, locale, message_key, message_content) values (69, 'fi', 'view.help.nopreferencefound', 'Ei tallenettua kielivalintaa. Käytetään selaimen kieltä (jos tuettu), tai englantia.');
insert into message_contents (id, locale, message_key, message_content) values (70, 'fr', 'view.help.nopreferencefound', 'Pas de préférence de langue trouvée. La langue par défaut est celle de votre navigateur (si supportée) ou l''anglais.');
insert into message_contents (id, locale, message_key, message_content) values (71, 'ko', 'view.help.nopreferencefound', '저장된 언어 기본 설정을 찾을 수 없습니다. 브라우저 로케일(지원되는 경우) 또는 영어로 기본 설정됩니다.');
insert into message_contents (id, locale, message_key, message_content) values (72, 'zh', 'view.help.nopreferencefound', '未找到儲存的語言首選項。 預設為瀏覽器區域設定（如果支援）或英文。');

insert into message_contents (id, locale, message_key, message_content) values (73, 'en', 'view.help.localefoundfromcookie', 'Locale was found from cookie: {0}');
insert into message_contents (id, locale, message_key, message_content) values (74, 'de', 'view.help.localefoundfromcookie', 'Gebietsschema wurde aus Cookie gefunden: {0}');
insert into message_contents (id, locale, message_key, message_content) values (75, 'fi', 'view.help.localefoundfromcookie', 'Ei tallenettua kielivalintaa. Käytetään selaimen kieltä (jos tuettu), tai englantia: {0}');
insert into message_contents (id, locale, message_key, message_content) values (76, 'fr', 'view.help.localefoundfromcookie', 'Langue trouvée dans les cookies: {0}');
insert into message_contents (id, locale, message_key, message_content) values (77, 'ko', 'view.help.localefoundfromcookie', '쿠키에서 찾은 로케일: {0}');
insert into message_contents (id, locale, message_key, message_content) values (78, 'zh', 'view.help.localefoundfromcookie', '从 cookie 中找到区域设置：{0}');

insert into message_contents (id, locale, message_key, message_content) values (79, 'en', 'view.help.clearcookie', 'Clear language cookie and refresh page');
insert into message_contents (id, locale, message_key, message_content) values (80, 'de', 'view.help.clearcookie', 'Sprach-Cookie löschen und Seite aktualisieren');
insert into message_contents (id, locale, message_key, message_content) values (81, 'fi', 'view.help.clearcookie', 'Tyhjennä kielieväste ja päivitä sivu');
insert into message_contents (id, locale, message_key, message_content) values (82, 'fr', 'view.help.clearcookie', 'Supprimer le cookie et rafraîchir la page');
insert into message_contents (id, locale, message_key, message_content) values (83, 'ko', 'view.help.clearcookie', '언어 쿠키 지우기 및 페이지 새로 고침');
insert into message_contents (id, locale, message_key, message_content) values (84, 'zh', 'view.help.clearcookie', '清除语言cookie并刷新页面');

insert into message_contents (id, locale, message_key, message_content) values (85, 'en', 'view.help.selectlang', 'When you select a new language, your choice will be saved and re-used if you reload the page.');
insert into message_contents (id, locale, message_key, message_content) values (86, 'de', 'view.help.selectlang', 'Wenn Sie eine neue Sprache auswählen, wird Ihre Auswahl gespeichert und beim erneuten Laden der Seite wiederverwendet.');
insert into message_contents (id, locale, message_key, message_content) values (87, 'fi', 'view.help.selectlang', 'Kun valitset kielen, valinta tallennetaan seuraavaa kertaa varten.');
insert into message_contents (id, locale, message_key, message_content) values (88, 'fr', 'view.help.selectlang', 'En sélectionnant la langue, votre choix va être sauvegardé et réutilisé si vous rechargez la page.');
insert into message_contents (id, locale, message_key, message_content) values (89, 'ko', 'view.help.selectlang', '새 언어를 선택하면 선택한 언어가 저장되고 페이지를 새로 고침하면 다시 사용됩니다.');
insert into message_contents (id, locale, message_key, message_content) values (90, 'zh', 'view.help.selectlang', '当您选择新语言时，您的选择将被保存并在重新加载页面时重新使用。');

insert into message_contents (id, locale, message_key, message_content) values (91, 'en', 'view.help.localesaved', 'Locale choice saved into cookie');
insert into message_contents (id, locale, message_key, message_content) values (92, 'de', 'view.help.localesaved', 'Die Auswahl des Gebietsschemas wird im Cookie gespeichert');
insert into message_contents (id, locale, message_key, message_content) values (93, 'fi', 'view.help.localesaved', 'Kieli tallennettu!');
insert into message_contents (id, locale, message_key, message_content) values (94, 'fr', 'view.help.localesaved', 'Votre préférence de langue a été sauvegardée dans vos cookies.');
insert into message_contents (id, locale, message_key, message_content) values (95, 'ko', 'view.help.localesaved', '언어를 선택하세요.');
insert into message_contents (id, locale, message_key, message_content) values (96, 'zh', 'view.help.localesaved', '쿠키에 저장된 로케일 선택');

insert into barcode_type (id, type) values (1, 'AustraliaPost');
insert into barcode_type (id, type) values (2, 'AztecCode');
insert into barcode_type (id, type) values (3, 'AztecRune');
insert into barcode_type (id, type) values (4, 'ChannelCode');
insert into barcode_type (id, type) values (5, 'Codebar');
insert into barcode_type (id, type) values (6, 'CodeblockF');
insert into barcode_type (id, type) values (7, 'Code2Of5');
insert into barcode_type (id, type) values (8, 'Code2Of9');
insert into barcode_type (id, type) values (9, 'Code3Of9Extended');
insert into barcode_type (id, type) values (10, 'Code11');
insert into barcode_type (id, type) values (11, 'Code16k');
insert into barcode_type (id, type) values (12, 'Code32');
insert into barcode_type (id, type) values (13, 'Code49');
insert into barcode_type (id, type) values (14, 'Code93');
insert into barcode_type (id, type) values (15, 'Code128');
insert into barcode_type (id, type) values (16, 'CodeOne');
insert into barcode_type (id, type) values (17, 'Composite');
insert into barcode_type (id, type) values (18, 'DataBar14');
insert into barcode_type (id, type) values (19, 'DataBarExpanded');
insert into barcode_type (id, type) values (20, 'DataBarLimited');
insert into barcode_type (id, type) values (21, 'DataMatrix');
insert into barcode_type (id, type) values (22, 'Ean');
insert into barcode_type (id, type) values (23, 'EanUpcAddOn');
insert into barcode_type (id, type) values (24, 'GridMatrix');
insert into barcode_type (id, type) values (25, 'JapanPost');
insert into barcode_type (id, type) values (26, 'KixCode');
insert into barcode_type (id, type) values (27, 'KoreaPost');
insert into barcode_type (id, type) values (28, 'Logmars');
insert into barcode_type (id, type) values (29, 'MaxiCode');
insert into barcode_type (id, type) values (30, 'MicroQrCode');
insert into barcode_type (id, type) values (31, 'MsiPlessey');
insert into barcode_type (id, type) values (32, 'Nve18');
insert into barcode_type (id, type) values (33, 'Pdf417');
insert into barcode_type (id, type) values (34, 'Pharmacode2Track');
insert into barcode_type (id, type) values (35, 'Pharmazentralnummer');
insert into barcode_type (id, type) values (36, 'Plessey');
insert into barcode_type (id, type) values (37, 'Postnet');
insert into barcode_type (id, type) values (38, 'QrCode');
insert into barcode_type (id, type) values (39, 'RoyalMail4State');
insert into barcode_type (id, type) values (40, 'Telepen');
insert into barcode_type (id, type) values (41, 'Upc');
insert into barcode_type (id, type) values (42, 'UspsOneCode');
insert into barcode_type (id, type) values (43, 'UspsPackage');

insert into nav_item (id, parent_idx, icon, title, path) values (1, 0, 'line-awesome/svg/home-solid.svg', 'About', '/about');
insert into nav_item (id, parent_idx, icon, title, path) values (2, 0, 'line-awesome/svg/globe-solid.svg', 'Hello World', '/');
insert into nav_item (id, parent_idx, icon, title, path) values (3, 0, 'line-awesome/svg/chart-area-solid.svg', 'Dashboard', '/dashboard');
insert into nav_item (id, parent_idx, icon, title, path) values (4, 0, 'line-awesome/svg/list-solid.svg', 'Feed', '/feed');
insert into nav_item (id, parent_idx, icon, title, path) values (5, 0, 'line-awesome/svg/th-solid.svg', 'Data Grid', '/data-grid');
insert into nav_item (id, parent_idx, icon, title, path) values (6, 0, 'line-awesome/svg/columns-solid.svg', 'Master-Detail', '/master-detail');
insert into nav_item (id, parent_idx, icon, title, path) values (7, 0, 'line-awesome/svg/user.svg', 'Person Form', '/person-form');
insert into nav_item (id, parent_idx, icon, title, path) values (8, 0, 'line-awesome/svg/map-marker-solid.svg', 'Address Form', '/address-form');
insert into nav_item (id, parent_idx, icon, title, path) values (9, 0, 'line-awesome/svg/credit-card.svg', 'Credit Card Form', '/credit-card-form');
insert into nav_item (id, parent_idx, icon, title, path) values (10, 0, 'line-awesome/svg/map.svg', 'Map', '/map');
insert into nav_item (id, parent_idx, icon, title, path) values (11, 0, 'line-awesome/svg/file-excel.svg', 'Spreadsheet', '/spreadsheet');
insert into nav_item (id, parent_idx, icon, title, path) values (12, 0, 'line-awesome/svg/edit.svg', 'Page Editor', '/page-editor');
insert into nav_item (id, parent_idx, icon, title, path) values (13, 0, 'line-awesome/svg/th-list-solid.svg', 'Image Gallery', '/image-gallery');
insert into nav_item (id, parent_idx, icon, title, path) values (14, 0, 'line-awesome/svg/credit-card.svg', 'Checkout Form', '/checkout-form');
insert into nav_item (id, parent_idx, icon, title, path) values (15, 0, 'line-awesome/svg/filter-solid.svg', 'Grid with Filters', '/grid-with-filters');
insert into nav_item (id, parent_idx, icon, title, path) values (17, 0, '', 'Common Items', '/common-items');
insert into nav_item (id, parent_idx, icon, title, path) values (18, 17, 'line-awesome/svg/credit-card.svg', 'Barcode', '/barcode');
insert into nav_item (id, parent_idx, icon, title, path) values (19, 17, 'line-awesome/svg/chart-line-solid.svg', 'Canvas', '/canvas');
insert into nav_item (id, parent_idx, icon, title, path) values (20, 17, 'line-awesome/svg/comment-solid.svg', 'Chat', '/chat');
insert into nav_item (id, parent_idx, icon, title, path) values (21, 17, 'line-awesome/svg/columns-solid.svg', 'Collaborative Master-Detail', '/collaborative-master-detail');
insert into nav_item (id, parent_idx, icon, title, path) values (22, 17, 'line-awesome/svg/pencil-ruler-solid.svg', 'Fuel Assembly', '/fuel-assembly');
insert into nav_item (id, parent_idx, icon, title, path) values (23, 17, 'line-awesome/svg/ruler-horizontal-solid.svg', 'Loading Pattern', '/loading-pattern');
insert into nav_item (id, parent_idx, icon, title, path) values (24, 17, 'line-awesome/svg/circle-solid.svg', 'Locale', '/locale');
insert into nav_item (id, parent_idx, icon, title, path) values (25, 17, 'line-awesome/svg/percent-solid.svg', 'Long Running Jobs', '/long-running');
insert into nav_item (id, parent_idx, icon, title, path) values (26, 17, 'line-awesome/svg/circle-solid.svg', 'Math', '/math-view');
insert into nav_item (id, parent_idx, icon, title, path) values (27, 17, 'line-awesome/svg/registered-solid.svg', 'Registration Form', '/registration-form');
insert into nav_item (id, parent_idx, icon, title, path) values (28, 17, 'line-awesome/svg/th-list-solid.svg', 'Simple Greeting', '/simple-greeting');
insert into nav_item (id, parent_idx, icon, title, path) values (29, 17, 'line-awesome/svg/chart-area-solid.svg', 'VTK', '/vtk');
insert into nav_item (id, parent_idx, icon, title, path) values (30, 17, 'line-awesome/svg/download-solid.svg', 'File Download', '/file-download');
insert into nav_item (id, parent_idx, icon, title, path) values (31, 17, 'line-awesome/svg/cross-solid.svg', 'Item Labels', '/item-label');
insert into nav_item (id, parent_idx, icon, title, path) values (32, 17, 'line-awesome/svg/chart-line-solid.svg', 'Bump Chart', '/bump-chart');
insert into nav_item (id, parent_idx, icon, title, path) values (33, 17, 'line-awesome/svg/chart-line-solid.svg', 'Chart', '/chart');
insert into nav_item (id, parent_idx, icon, title, path) values (34, 17, 'line-awesome/svg/file-upload-solid.svg', 'Upload and Download', '/upload-download');
insert into nav_item (id, parent_idx, icon, title, path) values (35, 17, 'line-awesome/svg/cubes-solid.svg', 'RGBA Color Picker', '/rgba-color-picker');
insert into nav_item (id, parent_idx, icon, title, path) values (36, 0, '', 'ThreeJS Items', '/threejs-items');
insert into nav_item (id, parent_idx, icon, title, path) values (37, 36, 'line-awesome/svg/chart-area-solid.svg', 'Webgl BufferGeometryInstancing', '/three');
insert into nav_item (id, parent_idx, icon, title, path) values (38, 0, '', 'PDF Examples', '/pdf-examples');
insert into nav_item (id, parent_idx, icon, title, path) values (39, 38, 'line-awesome/svg/address-book.svg', 'Basic example', '/basic-pdf');
insert into nav_item (id, parent_idx, icon, title, path) values (40, 38, 'line-awesome/svg/address-book.svg', 'Zoom example', '/zoom');
insert into nav_item (id, parent_idx, icon, title, path) values (41, 38, 'line-awesome/svg/address-book.svg', 'Thumbnail viewer open example', '/thumbnails-open');
insert into nav_item (id, parent_idx, icon, title, path) values (42, 38, 'line-awesome/svg/address-book.svg', 'Thumbnail listener example', '/thumbnails-listener');
insert into nav_item (id, parent_idx, icon, title, path) values (43, 38, 'line-awesome/svg/address-book.svg', 'Select page', '/select-page');
insert into nav_item (id, parent_idx, icon, title, path) values (44, 38, 'line-awesome/svg/address-book.svg', 'Custom label for auto and page fit options', '/custom-auto-fit-labels');
insert into nav_item (id, parent_idx, icon, title, path) values (45, 38, 'line-awesome/svg/address-book.svg', 'Without download option', '/without-download');
insert into nav_item (id, parent_idx, icon, title, path) values (46, 38, 'line-awesome/svg/address-book.svg', 'Custom title', '/custom-title');
insert into nav_item (id, parent_idx, icon, title, path) values (47, 38, 'line-awesome/svg/address-book.svg', 'With print option', '/with-print');
insert into nav_item (id, parent_idx, icon, title, path) values (48, 38, 'line-awesome/svg/address-book.svg', 'Rendering interactive forms', '/rendering-interactive-forms');
insert into nav_item (id, parent_idx, icon, title, path) values (49, 38, 'line-awesome/svg/address-book.svg', 'Without zoom dropdown', '/without-zoom-dropdown');
insert into nav_item (id, parent_idx, icon, title, path) values (50, 38, 'line-awesome/svg/address-book.svg', 'Source change', '/source-change');

insert into labels (id, val) values (1, 'New');
insert into labels (id, val) values (2, 'Old');
insert into labels (id, val) values (3, 'Used');
insert into labels (id, val) values (4, 'Vintage');

insert into items (id, name) values (1, 'Chair');
insert into items (id, name) values (2, 'Table');

insert into items_labels (item_id, labels_id) values (1, 1);
insert into items_labels (item_id, labels_id) values (1, 3);
insert into items_labels (item_id, labels_id) values (2, 2);
insert into items_labels (item_id, labels_id) values (2, 4);
